,min,max
year,1984.0,2026.0
cylinders,3.0,12.0
displ,1.0,6.5
hp_per_liter,8.923076923076923,90.0
liter_per_cyl,0.275,0.75
hp_per_cyl,4.833333333333333,48.75
